"1. Центральний комітет партії, політбюро, перелік усіх міністерств (актуальних на 2024р.)",
Ban Chấp hành Trung ương Đảng,Центральний комітет партії
Bộ Chính trị,Політбюро
Bộ Quốc phòng,Міністерство національної оборони
Bộ Công an,Міністерство громадської безпеки
Bộ Ngoại giao,Міністерство закордонних справ
Bộ Xây dựng,Міністерство будівництва
Bộ Tư pháp,Міністерство юстиції
Bộ Tài chính,Міністерство фінансів
Bộ Công Thương,Міністерство промисловості та торгівлі
Bộ Giao thông Vận tải,Міністерство транспорту
Bộ Lao động – Thương binh và Xã hội,"Міністерство праці, ветеранів та соціальної політики"
Bộ Thông tin và Truyền thông,Міністерство інформації та зв'язку
"Bộ Văn hóa, Thể thao và Du lịch","Міністерство культури, спорту та туризму"
Bộ Giáo dục và Đào tạo,Міністерство освіти
Bộ Nông nghiệp và Phát triển nông thôn,Міністерство сільського господарства та розвитку села
Bộ Kế hoạch và Đầu tư,Міністерство планування та інвестицій
Bộ Y tế,Міністерство охорони здоров'я
Bộ Nội vụ,Міністерство державного управління
Bộ Khoa học và Công nghệ,Міністерство науки і технологій
Bộ Tài nguyên và Môi trường,Міністерство природних ресурсів та довкілля
,
"2. Назви державних служб, агенцій, підрозділів (cục, sở, phòng, vụ ...)",
Văn phòng Bộ,Офіс (апарат) Міністерства
Thanh tra Bộ,Інспекція Міністерства
Tổng cục,Головне управління/ Відомство
Ủy ban,Комітет / Комісія
Cục,Департамент/ Служба/ Агенція
Sở,Департамент / Управління
Vụ,Департамент/ Відділ / Сектор
Học viện,"Навчальний інститут, Академія"
Viện,Науковий інститут
Trung tâm,Центр
Ban,"Відділ/ Комітет / -ат, -ція (ban giám gốc директорат, ban giám hiệu ректорат, ban quản lý адміністрація)"
Phòng,Відділ/Підрозділ
Vụ Tổ chức cán bộ,Відділ організації кадрів
Vụ Pháp chế,Відділ правових питань
Vụ Hợp tác quốc tế,Відділ міжнародного співробітництва
Văn phòng Chủ tịch nước,Адміністрація Президента
Văn phòng Chính phủ,Канцелярія уряду
Ủy ban Dân tộc,Комісія з національних меншин
,
3. Назви основних державних посад +заступники,
"Chủ tịch nước Cộng hoà
 xã hội chủ nghĩa Việt Nam",Президент Соціалістичної Республіки В'єтнам
Phó Chủ tịch nước Cộng hoà xã hội chủ nghĩa Việt Nam,Віцепрезидент Соціалістичної Республіки В'єтнам
Chủ nhiệm Văn phòng Chủ tịch nước,Начальник адміністрації Президента
Phó Chủ nhiệm Văn phòng Chủ tịch nước,Заступник начальника адміністрації Президента
Trợ lý Chủ tịch nước,Помічник Президента
Thủ tướng Chính phủ nước Cộng hòa xã hội chủ nghĩa Việt Nam,Прем'єр-міністр Соціалістичної Республіки В'єтнам
Tổng Bí thư Đảng,Генеральний секретар партії
Phó Thủ tướng Thường trực,Перший віцепрем'єр-міністр
Phó Thủ tướng,Віцепрем'єр-міністр
Bộ trưởng Bộ Quốc phòng / Bộ trưởng Quốc phòng,Міністр національної оборони
Bộ trưởng Bộ Công an,Міністр громадської безпеки
Bộ trưởng Bộ Ngoại giao / Ngoại trưởng,Міністр закордонних справ
Thứ trưởng Thường trực,Перший заступник міністра
Thứ trưởng,Заступник міністра
Tổng Cục trưởng,Генеральний директор департамента
Phó Tổng Cục trưởng,Заступник генерального директора департамента
Phó Chủ nhiệm Thường trực,Перший заступник голови
Phó Chủ nhiệm,Заступник голови
Trợ lý Bộ trưởng,Помічник міністра
Chủ nhiệm Ủy ban,Голова комітету / комісії
Phó Chủ nhiệm Ủy ban,Заступник голови комітету / комісії
Chánh Văn phòng Bộ,Керівник офісу/апарату Міністерства
Phó Chánh Văn phòng Bộ,Заступник керівника офісу/апарату  Міністерства
Cục trưởng,Голова управлінської служби
Phó Cục trưởng,Заступник голови управлінської служби
Vụ trưởng,Завідувач відділу
Phó Vụ trưởng,Заступник завідувача відділу
Giám đốc Học viện,Директор академії
Phó Giám đốc Học viện,Заступник директора академії
Viện trưởng,Директор наукового інституту
Phó Viện trưởng,Заступник директора наукового інституту
Giám đốc Trung tâm,Керівник центру
Phó giám đốc Trung tâm,Заступник керівника центру
Trưởng phòng,Завідувач відділення
Phó trưởng phòng,Заступник завідувача відділення
Chuyên viên cao cấp,Спеціаліст вищого розряду
Chuyên viên chính,Старший/ провідний спеціаліст
Chuyên viên,Спеціаліст
Thanh tra viên cao cấp,Інспектор вищого розряду
Thanh tra viên chính,Провідний/ головний інспектор
Thanh tra viên,Інспектор
Chánh Văn phòng,Голова офісу
Phó Chánh Văn phòng,Заступник голови офісу
Trưởng ban,Голова/ Керівник
Phó Trưởng ban,Заступник голови/ керівника
Chi cục trưởng,Голова філіалу
Chi cục phó,Заступник голови філіалу